celdas,seq_prom,par_prom
1024,0.0013801620004232973,0.8480023539985996
4096,0.005778743999544531,0.851380326000508
16384,0.022932714000344277,0.872396425998304
65536,0.09013448599958793,0.9820508260000497
262144,0.3614096919982694,1.2414475380000658
1048576,1.4682139240019023,1.9494497479987332
